email;password;client_id;client_secret;scope;redirect_uri
mis90@test.com;A123456789090;cdcd57f0-e260-469d-bae3-83f49f048d91;e3dd2410dabb8b29781b6e309f58fca2;read employee:read employee_request:approve employee_request:reject employee_request:read legal_entity:read medication_dispense:process medication_dispense:read medication_dispense:write medication_dispense:reject medication_request:details;https://test90.com
mis91@test.com;A123456789091;931acddc-25cd-4739-a2b2-fe2cade19887;38f9b39e4f13ab90e06c3b26a6ec7ea9;read employee:read employee_request:approve employee_request:reject employee_request:read legal_entity:read medication_dispense:process medication_dispense:read medication_dispense:write medication_dispense:reject medication_request:details;https://test91.com
mis92@test.com;A123456789092;acff33c5-e227-469f-abf7-508418ee1afb;817e9cf724a00dbeda85aeba9b6bb2ed;read employee:read employee_request:approve employee_request:reject employee_request:read legal_entity:read medication_dispense:process medication_dispense:read medication_dispense:write medication_dispense:reject medication_request:details;https://test92.com
mis93@test.com;A123456789093;02dd0ab2-2091-4a17-8ce8-9f2385374463;409501b6e1221138b088146317105faa;read employee:read employee_request:approve employee_request:reject employee_request:read legal_entity:read medication_dispense:process medication_dispense:read medication_dispense:write medication_dispense:reject medication_request:details;https://test93.com
mis94@test.com;A123456789094;82443411-f70f-423d-9eed-685aab336bd1;89edb6b3982765aa735b1aea38fc8bbe;read employee:read employee_request:approve employee_request:reject employee_request:read legal_entity:read medication_dispense:process medication_dispense:read medication_dispense:write medication_dispense:reject medication_request:details;https://test94.com
mis95@test.com;A123456789095;024752f9-2eff-4003-a933-cba346872a50;b89ba417718b81f0597b7208432f6e51;read employee:read employee_request:approve employee_request:reject employee_request:read legal_entity:read medication_dispense:process medication_dispense:read medication_dispense:write medication_dispense:reject medication_request:details;https://test95.com
mis96@test.com;A123456789096;7dde2244-c686-44ea-b0ff-b4a30d581280;9753abea7e5dc30eaf3ef1803150d0cf;read employee:read employee_request:approve employee_request:reject employee_request:read legal_entity:read medication_dispense:process medication_dispense:read medication_dispense:write medication_dispense:reject medication_request:details;https://test96.com
mis97@test.com;A123456789097;94f69f19-4742-497a-8d74-150753594427;129ab798930915800345c78dcc7b888d;read employee:read employee_request:approve employee_request:reject employee_request:read legal_entity:read medication_dispense:process medication_dispense:read medication_dispense:write medication_dispense:reject medication_request:details;https://test97.com
mis98@test.com;A123456789098;0dd51af8-5df8-4428-9993-606a92810126;1f8ff66645f8e2df41620f3275b462f8;read employee:read employee_request:approve employee_request:reject employee_request:read legal_entity:read medication_dispense:process medication_dispense:read medication_dispense:write medication_dispense:reject medication_request:details;https://test98.com
mis99@test.com;A123456789099;0963ab67-17bb-4383-aa87-c559a88e1d0e;ef4827a5d5fd779af6977f0baee3ec34;read employee:read employee_request:approve employee_request:reject employee_request:read legal_entity:read medication_dispense:process medication_dispense:read medication_dispense:write medication_dispense:reject medication_request:details;https://test99.com
mis100@test.com;A1234567890100;3e1481f8-76ce-46d5-a4ed-bdaf10cfb169;f0ee1b0495c800013ee9085f077f5d3a;read employee:read employee_request:approve employee_request:reject employee_request:read legal_entity:read medication_dispense:process medication_dispense:read medication_dispense:write medication_dispense:reject medication_request:details;https://test100.com
mis101@test.com;A1234567890101;5a99e254-d513-48d6-b5b2-1b3a1fecb1ac;66ab14fbb573e5693d3103ec4b27434e;read employee:read employee_request:approve employee_request:reject employee_request:read legal_entity:read medication_dispense:process medication_dispense:read medication_dispense:write medication_dispense:reject medication_request:details;https://test101.com
mis102@test.com;A1234567890102;61cb3e06-bab7-49f3-8a8d-95255d0740aa;ad08de287b5582f80e2df03a1f1d5955;read employee:read employee_request:approve employee_request:reject employee_request:read legal_entity:read medication_dispense:process medication_dispense:read medication_dispense:write medication_dispense:reject medication_request:details;https://test102.com
mis103@test.com;A1234567890103;90af9270-c601-46e3-87d6-042203892b1b;6b6d4dcf401a4514f705d638c92f160f;read employee:read employee_request:approve employee_request:reject employee_request:read legal_entity:read medication_dispense:process medication_dispense:read medication_dispense:write medication_dispense:reject medication_request:details;https://test103.com
mis104@test.com;A1234567890104;4a3d21c7-2839-4c91-856a-bba2ef6c9ab5;fceddfeb26bfa92e714286df9fa55c12;read employee:read employee_request:approve employee_request:reject employee_request:read legal_entity:read medication_dispense:process medication_dispense:read medication_dispense:write medication_dispense:reject medication_request:details;https://test104.com
mis105@test.com;A1234567890105;7e46690a-6799-4e82-83ac-de7a0d9e38bf;4a682196d909c644b44d68d7ea2aa342;read employee:read employee_request:approve employee_request:reject employee_request:read legal_entity:read medication_dispense:process medication_dispense:read medication_dispense:write medication_dispense:reject medication_request:details;https://test105.com
mis106@test.com;A1234567890106;593ecfa3-eb31-4678-a303-53f5f83aa3e0;4d978d00ea4c4522a21c38f2b0b1dc31;read employee:read employee_request:approve employee_request:reject employee_request:read legal_entity:read medication_dispense:process medication_dispense:read medication_dispense:write medication_dispense:reject medication_request:details;https://test106.com
mis107@test.com;A1234567890107;48a9a8e7-88aa-4a03-af96-5e002e7d6df7;df10225461e73901a8ca3e32cb763925;read employee:read employee_request:approve employee_request:reject employee_request:read legal_entity:read medication_dispense:process medication_dispense:read medication_dispense:write medication_dispense:reject medication_request:details;https://test107.com
mis108@test.com;A1234567890108;61ea4b56-fd21-4cdf-b3f6-c573417f8d4e;f5005ebfed1e8928b3f138197cc5dff2;read employee:read employee_request:approve employee_request:reject employee_request:read legal_entity:read medication_dispense:process medication_dispense:read medication_dispense:write medication_dispense:reject medication_request:details;https://test108.com
mis109@test.com;A1234567890109;dff702e6-1181-4bfe-b779-895ed279f689;3a9335f5662edae66781f520803d69af;read employee:read employee_request:approve employee_request:reject employee_request:read legal_entity:read medication_dispense:process medication_dispense:read medication_dispense:write medication_dispense:reject medication_request:details;https://test109.com
mis110@test.com;A1234567890110;4bfaf07e-3083-44d9-b8c0-b3fbb82f7b60;2ba26ed472969b449f57a7eca91ca887;read employee:read employee_request:approve employee_request:reject employee_request:read legal_entity:read medication_dispense:process medication_dispense:read medication_dispense:write medication_dispense:reject medication_request:details;https://test110.com
mis111@test.com;A1234567890111;ed621deb-0930-4234-bdbc-1e4be3ba1cab;3b2e8e0a1c8573b28934778d673af3ba;read employee:read employee_request:approve employee_request:reject employee_request:read legal_entity:read medication_dispense:process medication_dispense:read medication_dispense:write medication_dispense:reject medication_request:details;https://test111.com
mis112@test.com;A1234567890112;3f384564-3398-4474-8bfb-07fe81fde7da;616585fecf09cac09698b78eb36867da;read employee:read employee_request:approve employee_request:reject employee_request:read legal_entity:read medication_dispense:process medication_dispense:read medication_dispense:write medication_dispense:reject medication_request:details;https://test112.com
mis113@test.com;A1234567890113;81b2e7ce-4084-4293-80b7-acff59ee97d5;9b2016f641b073f18a03c03da95338bb;read employee:read employee_request:approve employee_request:reject employee_request:read legal_entity:read medication_dispense:process medication_dispense:read medication_dispense:write medication_dispense:reject medication_request:details;https://test113.com
mis114@test.com;A1234567890114;c545e324-54c2-4125-9540-037cbdea96b6;768f58eca7dca31bc5e6b9f866470cbf;read employee:read employee_request:approve employee_request:reject employee_request:read legal_entity:read medication_dispense:process medication_dispense:read medication_dispense:write medication_dispense:reject medication_request:details;https://test114.com
mis115@test.com;A1234567890115;a8d34ef0-6c1d-435f-a19a-7555adf9a0b3;676925635a09b4c4234b6d276bac6fb0;read employee:read employee_request:approve employee_request:reject employee_request:read legal_entity:read medication_dispense:process medication_dispense:read medication_dispense:write medication_dispense:reject medication_request:details;https://test115.com
mis116@test.com;A1234567890116;3b05e01f-b4b3-4867-9cf2-0725ddbb58d5;4493283591f91a104b16004713d7cb82;read employee:read employee_request:approve employee_request:reject employee_request:read legal_entity:read medication_dispense:process medication_dispense:read medication_dispense:write medication_dispense:reject medication_request:details;https://test116.com
mis117@test.com;A1234567890117;79f37f4f-e704-4cb2-8eeb-3c87d0045f51;7d1781630f0d988fe8619cac6a63f7fa;read employee:read employee_request:approve employee_request:reject employee_request:read legal_entity:read medication_dispense:process medication_dispense:read medication_dispense:write medication_dispense:reject medication_request:details;https://test117.com
mis118@test.com;A1234567890118;a80b8500-9bef-4b54-8b8c-65a53490b134;8c2ec2038b8f25ed5556875f7bbce8d9;read employee:read employee_request:approve employee_request:reject employee_request:read legal_entity:read medication_dispense:process medication_dispense:read medication_dispense:write medication_dispense:reject medication_request:details;https://test118.com
mis119@test.com;A1234567890119;842af7fb-9ad4-4bf6-954d-97017e1bb4e4;c919772e4514f1d06c8d627a2ae1ee58;read employee:read employee_request:approve employee_request:reject employee_request:read legal_entity:read medication_dispense:process medication_dispense:read medication_dispense:write medication_dispense:reject medication_request:details;https://test119.com
mis120@test.com;A1234567890120;ea689d76-9994-427c-8f76-f2f2d564caeb;f782e5b092c1b7c8617fb8e0b916ba93;read employee:read employee_request:approve employee_request:reject employee_request:read legal_entity:read medication_dispense:process medication_dispense:read medication_dispense:write medication_dispense:reject medication_request:details;https://test120.com
mis121@test.com;A1234567890121;90e73311-b52c-46a8-af71-da8dadb1aba6;71be0003eaf7955f99a32784b7be36ec;read employee:read employee_request:approve employee_request:reject employee_request:read legal_entity:read medication_dispense:process medication_dispense:read medication_dispense:write medication_dispense:reject medication_request:details;https://test121.com
mis122@test.com;A1234567890122;17ead012-9789-48ff-9b17-1e93e1bd7275;2a05848abf1b6eecca7949226e38e48f;read employee:read employee_request:approve employee_request:reject employee_request:read legal_entity:read medication_dispense:process medication_dispense:read medication_dispense:write medication_dispense:reject medication_request:details;https://test122.com
mis123@test.com;A1234567890123;1987ce69-1d48-407a-a9e3-944bab72c5c5;8db8a7dd29828cfdce1a61e3721d1d45;read employee:read employee_request:approve employee_request:reject employee_request:read legal_entity:read medication_dispense:process medication_dispense:read medication_dispense:write medication_dispense:reject medication_request:details;https://test123.com
mis124@test.com;A1234567890124;b6578cf7-3b83-4bcf-bac7-ac27ea80f8e8;155cad04340111a5c739529078ff885b;read employee:read employee_request:approve employee_request:reject employee_request:read legal_entity:read medication_dispense:process medication_dispense:read medication_dispense:write medication_dispense:reject medication_request:details;https://test124.com
mis125@test.com;A1234567890125;3e4178e1-b09e-44a1-aa19-257b294817f5;223194afbdb460d27da0cb7c86c106b1;read employee:read employee_request:approve employee_request:reject employee_request:read legal_entity:read medication_dispense:process medication_dispense:read medication_dispense:write medication_dispense:reject medication_request:details;https://test125.com
mis126@test.com;A1234567890126;f09c6a0d-a0d4-43ce-9f21-dad531996a56;904265acf62df78d92cec14fc9af9599;read employee:read employee_request:approve employee_request:reject employee_request:read legal_entity:read medication_dispense:process medication_dispense:read medication_dispense:write medication_dispense:reject medication_request:details;https://test126.com
mis127@test.com;A1234567890127;47cf476f-13d2-441b-b5d1-fb334f9a7ac6;9652f717fd41a7d24647bfe16bbc74ac;read employee:read employee_request:approve employee_request:reject employee_request:read legal_entity:read medication_dispense:process medication_dispense:read medication_dispense:write medication_dispense:reject medication_request:details;https://test127.com
mis128@test.com;A1234567890128;6416b781-ddbf-4d7e-91f2-1b00b0ac0de5;897fd1fdd0d21343e02e8f48f1251c26;read employee:read employee_request:approve employee_request:reject employee_request:read legal_entity:read medication_dispense:process medication_dispense:read medication_dispense:write medication_dispense:reject medication_request:details;https://test128.com
mis129@test.com;A1234567890129;c01ba6b4-3434-4c32-8f9e-da14e298084a;d602ca1a7e16d4fca58fecc70a482746;read employee:read employee_request:approve employee_request:reject employee_request:read legal_entity:read medication_dispense:process medication_dispense:read medication_dispense:write medication_dispense:reject medication_request:details;https://test129.com
mis130@test.com;A1234567890130;b6937269-5bdf-4f39-925f-0d6149612d06;be50d508fdf10b5cc3a5260a183bebaa;read employee:read employee_request:approve employee_request:reject employee_request:read legal_entity:read medication_dispense:process medication_dispense:read medication_dispense:write medication_dispense:reject medication_request:details;https://test130.com
mis131@test.com;A1234567890131;0f98c781-994f-4659-9520-7bc0f6e6d352;791f49eb9f886ba9f6ceae9c3a7214ec;read employee:read employee_request:approve employee_request:reject employee_request:read legal_entity:read medication_dispense:process medication_dispense:read medication_dispense:write medication_dispense:reject medication_request:details;https://test131.com
mis132@test.com;A1234567890132;d171e22e-eb13-4d62-a74f-bc5225655149;01b84abc79477c7971fecb10cb48ab8a;read employee:read employee_request:approve employee_request:reject employee_request:read legal_entity:read medication_dispense:process medication_dispense:read medication_dispense:write medication_dispense:reject medication_request:details;https://test132.com
mis133@test.com;A1234567890133;218e491c-9227-49f0-a58f-3f775bfb8e85;183cb069c10e0383c95a6faab80b4b14;read employee:read employee_request:approve employee_request:reject employee_request:read legal_entity:read medication_dispense:process medication_dispense:read medication_dispense:write medication_dispense:reject medication_request:details;https://test133.com
mis134@test.com;A1234567890134;ba625216-f44a-47c5-9691-d36cbf3e0cdb;30747cad0d5ac1e726508ccc29a3a0df;read employee:read employee_request:approve employee_request:reject employee_request:read legal_entity:read medication_dispense:process medication_dispense:read medication_dispense:write medication_dispense:reject medication_request:details;https://test134.com
mis135@test.com;A1234567890135;4a70aea0-cf1a-47bb-b264-73e21b56f959;081828a7ac38785a68c369d985b0f116;read employee:read employee_request:approve employee_request:reject employee_request:read legal_entity:read medication_dispense:process medication_dispense:read medication_dispense:write medication_dispense:reject medication_request:details;https://test135.com
mis136@test.com;A1234567890136;427940f0-eff5-42b2-bcbf-36f236fdf574;6990c9edb507358647e2c36c8fd13f2d;read employee:read employee_request:approve employee_request:reject employee_request:read legal_entity:read medication_dispense:process medication_dispense:read medication_dispense:write medication_dispense:reject medication_request:details;https://test136.com
mis137@test.com;A1234567890137;1d217a40-484e-46db-ae52-f049d921d874;e402f4581a4d239c836d987f8954e0cf;read employee:read employee_request:approve employee_request:reject employee_request:read legal_entity:read medication_dispense:process medication_dispense:read medication_dispense:write medication_dispense:reject medication_request:details;https://test137.com
mis138@test.com;A1234567890138;7a0835b5-a5f9-459c-86b6-1b0d6600ff29;051443498307b19a7da07b1977c33fce;read employee:read employee_request:approve employee_request:reject employee_request:read legal_entity:read medication_dispense:process medication_dispense:read medication_dispense:write medication_dispense:reject medication_request:details;https://test138.com
mis139@test.com;A1234567890139;2f97bd01-de2b-4ec5-9a21-1356e40dd449;b0c9e4a2a7ed125c15a1be317ac3308f;read employee:read employee_request:approve employee_request:reject employee_request:read legal_entity:read medication_dispense:process medication_dispense:read medication_dispense:write medication_dispense:reject medication_request:details;https://test139.com
mis140@test.com;A1234567890140;0b04681d-fc62-4465-886d-6c49cadcbf82;4e465ca9e5469a0f44be97ba28f965ab;read employee:read employee_request:approve employee_request:reject employee_request:read legal_entity:read medication_dispense:process medication_dispense:read medication_dispense:write medication_dispense:reject medication_request:details;https://test140.com
mis141@test.com;A1234567890141;c6832837-2b45-4624-b385-da9ad855359b;50ff911b48abeb8cc26601fd3cf8797a;read employee:read employee_request:approve employee_request:reject employee_request:read legal_entity:read medication_dispense:process medication_dispense:read medication_dispense:write medication_dispense:reject medication_request:details;https://test141.com
mis142@test.com;A1234567890142;ec6cb0c6-650a-4917-8b38-79803bdac8ac;30ef4947b3a5f8a8f7ef470f96ee2053;read employee:read employee_request:approve employee_request:reject employee_request:read legal_entity:read medication_dispense:process medication_dispense:read medication_dispense:write medication_dispense:reject medication_request:details;https://test142.com
mis143@test.com;A1234567890143;fab4bb29-8cd8-411a-a938-311d023a2501;4c82918df693140751b51c144e56ebf0;read employee:read employee_request:approve employee_request:reject employee_request:read legal_entity:read medication_dispense:process medication_dispense:read medication_dispense:write medication_dispense:reject medication_request:details;https://test143.com
mis144@test.com;A1234567890144;4e61a7a4-51fa-45d4-80df-5612f7cb6735;f0ca9cbcaf05c295daa9fdb239dd65c0;read employee:read employee_request:approve employee_request:reject employee_request:read legal_entity:read medication_dispense:process medication_dispense:read medication_dispense:write medication_dispense:reject medication_request:details;https://test144.com
mis145@test.com;A1234567890145;edb3dcaf-aa69-4af3-9fbd-6f968cc9322f;4922caeebe10e2f881c958198080c282;read employee:read employee_request:approve employee_request:reject employee_request:read legal_entity:read medication_dispense:process medication_dispense:read medication_dispense:write medication_dispense:reject medication_request:details;https://test145.com
mis146@test.com;A1234567890146;f52a9f75-d293-4313-819b-e32a24bef47f;59df757dd1c37ae291fa58efe560971a;read employee:read employee_request:approve employee_request:reject employee_request:read legal_entity:read medication_dispense:process medication_dispense:read medication_dispense:write medication_dispense:reject medication_request:details;https://test146.com
mis147@test.com;A1234567890147;2e9fcbf1-22f0-4033-9df0-bca5e54c0612;cf3458657c120327752ae1bcbea1af96;read employee:read employee_request:approve employee_request:reject employee_request:read legal_entity:read medication_dispense:process medication_dispense:read medication_dispense:write medication_dispense:reject medication_request:details;https://test147.com
mis148@test.com;A1234567890148;8e361091-4fe3-4045-9d5b-64199d2a2a54;ff800e9a155a6c48936b0c27d22d1349;read employee:read employee_request:approve employee_request:reject employee_request:read legal_entity:read medication_dispense:process medication_dispense:read medication_dispense:write medication_dispense:reject medication_request:details;https://test148.com
mis149@test.com;A1234567890149;cba66a00-d07b-49e2-9013-a30ff6991b1e;3effccb70197f22f8df6082671ec020d;read employee:read employee_request:approve employee_request:reject employee_request:read legal_entity:read medication_dispense:process medication_dispense:read medication_dispense:write medication_dispense:reject medication_request:details;https://test149.com
mis150@test.com;A1234567890150;27180ffb-8007-4bf5-acee-acc98f35c730;c7a90eacf95a7b74ba9773c7f5faa14e;read employee:read employee_request:approve employee_request:reject employee_request:read legal_entity:read medication_dispense:process medication_dispense:read medication_dispense:write medication_dispense:reject medication_request:details;https://test150.com
mis151@test.com;A1234567890151;139b97e6-c44d-4772-8473-cf107160119e;06a9d6bad0c1a69bc35eb410175f2296;read employee:read employee_request:approve employee_request:reject employee_request:read legal_entity:read medication_dispense:process medication_dispense:read medication_dispense:write medication_dispense:reject medication_request:details;https://test151.com
mis152@test.com;A1234567890152;8055ccb1-a870-4159-9101-bab3e45b0d2c;9539736a8d0bfec8595da4d1e122cc15;read employee:read employee_request:approve employee_request:reject employee_request:read legal_entity:read medication_dispense:process medication_dispense:read medication_dispense:write medication_dispense:reject medication_request:details;https://test152.com
mis153@test.com;A1234567890153;a73f28bc-1901-4776-abcd-cd4dc41db0a9;ee320a13d600b54c49c426d92e346a11;read employee:read employee_request:approve employee_request:reject employee_request:read legal_entity:read medication_dispense:process medication_dispense:read medication_dispense:write medication_dispense:reject medication_request:details;https://test153.com
mis154@test.com;A1234567890154;5f558c32-4908-4b7e-8af8-97a4f8831f4e;93c754705265a5f81020988560d79484;read employee:read employee_request:approve employee_request:reject employee_request:read legal_entity:read medication_dispense:process medication_dispense:read medication_dispense:write medication_dispense:reject medication_request:details;https://test154.com
mis155@test.com;A1234567890155;a1d808c6-42e2-4c6a-a72d-8e0473557b0d;ef008f23185da57478e25071e6299d68;read employee:read employee_request:approve employee_request:reject employee_request:read legal_entity:read medication_dispense:process medication_dispense:read medication_dispense:write medication_dispense:reject medication_request:details;https://test155.com
mis156@test.com;A1234567890156;1994ccc7-fca2-4dbe-abe0-ef0e3c83bf3a;b12200ebef4da94fd33affdc7ce1fcab;read employee:read employee_request:approve employee_request:reject employee_request:read legal_entity:read medication_dispense:process medication_dispense:read medication_dispense:write medication_dispense:reject medication_request:details;https://test156.com
mis157@test.com;A1234567890157;f1757014-f08f-4db4-8b6c-b9e9e3ae2a92;e34830fe9124a5d2afd740db5ae25e6f;read employee:read employee_request:approve employee_request:reject employee_request:read legal_entity:read medication_dispense:process medication_dispense:read medication_dispense:write medication_dispense:reject medication_request:details;https://test157.com
mis158@test.com;A1234567890158;338b7762-b305-402b-af44-5a1a2758ee73;bf9732ec68530f1148d67d06c16a23ea;read employee:read employee_request:approve employee_request:reject employee_request:read legal_entity:read medication_dispense:process medication_dispense:read medication_dispense:write medication_dispense:reject medication_request:details;https://test158.com
mis159@test.com;A1234567890159;3023cad9-7ba5-4a56-8863-97c4372e625e;3dedb0ddf2f3e7fe0168ff58bed81550;read employee:read employee_request:approve employee_request:reject employee_request:read legal_entity:read medication_dispense:process medication_dispense:read medication_dispense:write medication_dispense:reject medication_request:details;https://test159.com
mis160@test.com;A1234567890160;2014b4d8-89a7-4ded-b1c3-0857ce3a7f46;b47113a638d17f8a79c2cc1109e8925c;read employee:read employee_request:approve employee_request:reject employee_request:read legal_entity:read medication_dispense:process medication_dispense:read medication_dispense:write medication_dispense:reject medication_request:details;https://test160.com
mis161@test.com;A1234567890161;54d5b2b1-96c2-485f-a4df-f47a8e43d31e;e2afed46cb2109fbaa0a86809352170d;read employee:read employee_request:approve employee_request:reject employee_request:read legal_entity:read medication_dispense:process medication_dispense:read medication_dispense:write medication_dispense:reject medication_request:details;https://test161.com
mis162@test.com;A1234567890162;efec2252-46ba-4870-883b-12888f163b21;ccfcac90b13582760c6c34a36eb69419;read employee:read employee_request:approve employee_request:reject employee_request:read legal_entity:read medication_dispense:process medication_dispense:read medication_dispense:write medication_dispense:reject medication_request:details;https://test162.com
mis163@test.com;A1234567890163;137d1e86-3f4b-46cd-8596-a1be6a54237d;1bb199c6a5b3b51ea863b66620309a7a;read employee:read employee_request:approve employee_request:reject employee_request:read legal_entity:read medication_dispense:process medication_dispense:read medication_dispense:write medication_dispense:reject medication_request:details;https://test163.com
mis164@test.com;A1234567890164;e75d5992-6e26-4024-af78-990745e013e5;327c3ca1660895cdcfa8d7a312bf044f;read employee:read employee_request:approve employee_request:reject employee_request:read legal_entity:read medication_dispense:process medication_dispense:read medication_dispense:write medication_dispense:reject medication_request:details;https://test164.com
mis165@test.com;A1234567890165;5d1dde20-46ec-498c-84ea-04b1b3bd3862;2bc37dda5e4d6ae992318f83cf1def64;read employee:read employee_request:approve employee_request:reject employee_request:read legal_entity:read medication_dispense:process medication_dispense:read medication_dispense:write medication_dispense:reject medication_request:details;https://test165.com
mis166@test.com;A1234567890166;c84a372f-a01d-4cf2-acee-529b68d25214;36d366a0b8339156036ed08764240c12;read employee:read employee_request:approve employee_request:reject employee_request:read legal_entity:read medication_dispense:process medication_dispense:read medication_dispense:write medication_dispense:reject medication_request:details;https://test166.com
mis167@test.com;A1234567890167;fc84361d-9a6b-4b00-b7ac-b0ffbccc37be;3c521b001b729496977a56ab118a858a;read employee:read employee_request:approve employee_request:reject employee_request:read legal_entity:read medication_dispense:process medication_dispense:read medication_dispense:write medication_dispense:reject medication_request:details;https://test167.com
mis168@test.com;A1234567890168;f6315949-416e-4d5d-af81-c19dae087098;6f055ba41d8efef2648d35f46f026a70;read employee:read employee_request:approve employee_request:reject employee_request:read legal_entity:read medication_dispense:process medication_dispense:read medication_dispense:write medication_dispense:reject medication_request:details;https://test168.com
mis169@test.com;A1234567890169;b9b7d739-c2e1-47d7-a030-2daeeb003310;793d89ed891fe3777ac7e2e3c968dda6;read employee:read employee_request:approve employee_request:reject employee_request:read legal_entity:read medication_dispense:process medication_dispense:read medication_dispense:write medication_dispense:reject medication_request:details;https://test169.com
mis170@test.com;A1234567890170;26d01255-3d5a-47c0-a8ec-0397a987ee4f;c38d1f57aa35ceeab3bca95790e56d4b;read employee:read employee_request:approve employee_request:reject employee_request:read legal_entity:read medication_dispense:process medication_dispense:read medication_dispense:write medication_dispense:reject medication_request:details;https://test170.com
mis171@test.com;A1234567890171;519c6b87-4350-4f5f-bb6c-61624e479319;559fdc170990d3ea426d9be056378bf8;read employee:read employee_request:approve employee_request:reject employee_request:read legal_entity:read medication_dispense:process medication_dispense:read medication_dispense:write medication_dispense:reject medication_request:details;https://test171.com
mis172@test.com;A1234567890172;1cebb67d-9591-4251-873a-5ae009ce144a;5f4462e799ab95319f6243f635b5d151;read employee:read employee_request:approve employee_request:reject employee_request:read legal_entity:read medication_dispense:process medication_dispense:read medication_dispense:write medication_dispense:reject medication_request:details;https://test172.com
mis173@test.com;A1234567890173;f66d2891-345b-405b-8f5a-f72a0a081810;35acf8b8026a02899ffc8675506a3771;read employee:read employee_request:approve employee_request:reject employee_request:read legal_entity:read medication_dispense:process medication_dispense:read medication_dispense:write medication_dispense:reject medication_request:details;https://test173.com
mis174@test.com;A1234567890174;11c5380d-7884-4550-8a4d-6a2cc19948ee;e937813e0fbb673224184a5cf0d393b0;read employee:read employee_request:approve employee_request:reject employee_request:read legal_entity:read medication_dispense:process medication_dispense:read medication_dispense:write medication_dispense:reject medication_request:details;https://test174.com
mis175@test.com;A1234567890175;2cc1cb07-c826-4af5-b6cb-f9835a12e34e;8fab1333126a65e4c1d4e9effe4770f4;read employee:read employee_request:approve employee_request:reject employee_request:read legal_entity:read medication_dispense:process medication_dispense:read medication_dispense:write medication_dispense:reject medication_request:details;https://test175.com
mis176@test.com;A1234567890176;cb434361-23c5-4b88-99c7-5c99f5cb6004;1c72db52832871615d65ef27f390b05a;read employee:read employee_request:approve employee_request:reject employee_request:read legal_entity:read medication_dispense:process medication_dispense:read medication_dispense:write medication_dispense:reject medication_request:details;https://test176.com
mis177@test.com;A1234567890177;8f57cd0c-a2ab-4688-987d-49743080d44d;b383271e11584fc6e23c7fe754abce88;read employee:read employee_request:approve employee_request:reject employee_request:read legal_entity:read medication_dispense:process medication_dispense:read medication_dispense:write medication_dispense:reject medication_request:details;https://test177.com
mis178@test.com;A1234567890178;d19e153e-76cb-4a08-b25b-aabd4fc697f5;55e24efe2149475a4fb97a86352c11db;read employee:read employee_request:approve employee_request:reject employee_request:read legal_entity:read medication_dispense:process medication_dispense:read medication_dispense:write medication_dispense:reject medication_request:details;https://test178.com
mis179@test.com;A1234567890179;b5b5e810-d6f6-4cbc-8640-68a69cd21358;5e74eb109d5c0db9bdce6cd5ec2b76c1;read employee:read employee_request:approve employee_request:reject employee_request:read legal_entity:read medication_dispense:process medication_dispense:read medication_dispense:write medication_dispense:reject medication_request:details;https://test179.com
mis180@test.com;A1234567890180;bf59aa3c-fb7c-425d-8191-2b51a2994990;94b0375d94cd16836127c676376abf8d;read employee:read employee_request:approve employee_request:reject employee_request:read legal_entity:read medication_dispense:process medication_dispense:read medication_dispense:write medication_dispense:reject medication_request:details;https://test180.com
mis181@test.com;A1234567890181;6e179d55-2648-41e3-90b7-a99b54214362;271ff7e0ee98247b875729cca8891e25;read employee:read employee_request:approve employee_request:reject employee_request:read legal_entity:read medication_dispense:process medication_dispense:read medication_dispense:write medication_dispense:reject medication_request:details;https://test181.com
mis182@test.com;A1234567890182;c103dfb8-b429-4763-b877-fa60ee3ef0f4;c7b26161cf0d63f10a725564e0b9297d;read employee:read employee_request:approve employee_request:reject employee_request:read legal_entity:read medication_dispense:process medication_dispense:read medication_dispense:write medication_dispense:reject medication_request:details;https://test182.com
mis183@test.com;A1234567890183;cfdc41a7-5ecb-4d92-8bcc-3502f23a3ba6;75cc88941689c9ce395db43f169c447b;read employee:read employee_request:approve employee_request:reject employee_request:read legal_entity:read medication_dispense:process medication_dispense:read medication_dispense:write medication_dispense:reject medication_request:details;https://test183.com
mis184@test.com;A1234567890184;505e972e-89a8-417e-8821-8d7ebdfb8ca9;9abf9d39bba55aca9a8def7ade43c40e;read employee:read employee_request:approve employee_request:reject employee_request:read legal_entity:read medication_dispense:process medication_dispense:read medication_dispense:write medication_dispense:reject medication_request:details;https://test184.com
mis185@test.com;A1234567890185;5547ab38-9c93-4b5d-bccf-e46932750e55;337e166ce3edbf709212256e10d5a248;read employee:read employee_request:approve employee_request:reject employee_request:read legal_entity:read medication_dispense:process medication_dispense:read medication_dispense:write medication_dispense:reject medication_request:details;https://test185.com
mis186@test.com;A1234567890186;34a3b60b-5736-44f6-b070-abdd5b5d8085;376af811cd37411f822f9fc6ab306bd1;read employee:read employee_request:approve employee_request:reject employee_request:read legal_entity:read medication_dispense:process medication_dispense:read medication_dispense:write medication_dispense:reject medication_request:details;https://test186.com
mis187@test.com;A1234567890187;41e1a364-87a5-43d5-a590-e45c691dfdb6;3e3636bf84324c8ac34f2888713b5101;read employee:read employee_request:approve employee_request:reject employee_request:read legal_entity:read medication_dispense:process medication_dispense:read medication_dispense:write medication_dispense:reject medication_request:details;https://test187.com
mis188@test.com;A1234567890188;6de6ef31-8b89-4acd-88a3-ebfc2a8ebc58;3f8116087ce15cb52f0c419903ee85f9;read employee:read employee_request:approve employee_request:reject employee_request:read legal_entity:read medication_dispense:process medication_dispense:read medication_dispense:write medication_dispense:reject medication_request:details;https://test188.com
mis189@test.com;A1234567890189;ddca5712-09b8-4768-bd0f-f372523dfb6a;2c69fc4818697969d442440e1b676618;read employee:read employee_request:approve employee_request:reject employee_request:read legal_entity:read medication_dispense:process medication_dispense:read medication_dispense:write medication_dispense:reject medication_request:details;https://test189.com
mis190@test.com;A1234567890190;13739dbf-eb7c-4ace-ae0f-b841c24558cd;8e0962d772494c90b77b23f33bfaa52f;read employee:read employee_request:approve employee_request:reject employee_request:read legal_entity:read medication_dispense:process medication_dispense:read medication_dispense:write medication_dispense:reject medication_request:details;https://test190.com
